69350,2023-06-15T01:35:38+07:00,transaction: 69350,4187417
99001,2023-06-16T00:51:38+07:00,transaction: 99001,5716227
40431,2023-06-17T19:46:19+07:00,transaction: 40431,6006436
48717,2023-06-18T13:43:20+07:00,transaction: 48717,3513865
47928,2023-06-19T04:08:02+07:00,transaction: 47928,4565795
93771,2023-06-20T23:48:29+07:00,transaction: 93771,4088885
46018,2023-06-21T21:36:40+07:00,transaction: 46018,4888899
29805,2023-06-22T14:51:00+07:00,transaction: 29805,3736037
86221,2023-06-23T16:50:55+07:00,transaction: 86221,7505029
80255,2023-06-24T13:13:31+07:00,transaction: 80255,5697034
37583,2023-06-25T17:42:45+07:00,transaction: 37583,4211540
41962,2023-06-26T23:23:42+07:00,transaction: 41962,2091212
43530,2023-06-27T10:31:18+07:00,transaction: 43530,1900476
50465,2023-06-28T22:54:52+07:00,transaction: 50465,8165935
91119,2023-06-29T02:39:26+07:00,transaction: 91119,1585637
19215,2023-06-30T04:14:38+07:00,transaction: 19215,7685488
69666,2023-07-01T15:21:05+07:00,transaction: 69666,4333047
25366,2023-07-02T14:42:32+07:00,transaction: 25366,8730440
33276,2023-07-03T13:55:29+07:00,transaction: 33276,6250652
53596,2023-07-04T14:08:16+07:00,transaction: 53596,9437939
